28.05.2019;09:46:02;successful login for root
28.05.2019;09:53:09;successful login for root
28.05.2019;09:53:09;root has accepted the Terms of Usage
28.05.2019;10:12:51;root logout
28.05.2019;10:12:56;successful login for root
28.05.2019;10:12:56;root has accepted the Terms of Usage
28.05.2019;10:15:44;root has change the role of tintin to 3
28.05.2019;12:47:54;root has change the role of modo1 to 3
28.05.2019;12:57:48;root logout
28.05.2019;12:58:35;successful login for root
28.05.2019;12:59:05;root has change the role of modo2 to 3
28.05.2019;13:00:13;root has change the role of modo2 to 2
28.05.2019;13:09:25;root logout
28.05.2019;13:09:52;successful login for root
28.05.2019;13:10:17;root has change the status of modo3 to 1
29.05.2019;09:17:42;successful login for root
29.05.2019;09:18:38;root logout
29.05.2019;14:17:04;successful login for root
29.05.2019;14:17:04;root has accepted the Terms of Usage
29.05.2019;14:17:14;root logout
29.05.2019;18:15:08;successful login for root
29.05.2019;18:15:08;root has accepted the Terms of Usage
29.05.2019;18:15:13;root logout
29.05.2019;18:20:56;successful login for root
29.05.2019;18:20:56;root has accepted the Terms of Usage
29.05.2019;18:21:02;root logout
29.05.2019;18:23:13;successful login for root
29.05.2019;18:23:13;root has accepted the Terms of Usage
29.05.2019;18:23:15;root logout
29.05.2019;18:26:21;successful login for root
29.05.2019;18:26:21;root has accepted the Terms of Usage
29.05.2019;18:26:23;root logout
29.05.2019;18:27:06;successful login for root
29.05.2019;18:27:06;root has accepted the Terms of Usage
29.05.2019;18:27:08;root logout
29.05.2019;18:44:02;successful login for root
29.05.2019;18:44:02;root has accepted the Terms of Usage
29.05.2019;18:46:21;successful login for root
29.05.2019;18:46:21;root has accepted the Terms of Usage
29.05.2019;18:47:07;root logout
29.05.2019;18:47:15;successful login for root
29.05.2019;18:47:15;root has accepted the Terms of Usage
29.05.2019;18:47:16;root logout
29.05.2019;18:47:31;successful login for root
29.05.2019;18:47:31;root has accepted the Terms of Usage
29.05.2019;18:47:41;root logout
29.05.2019;18:50:27;successful login for root
29.05.2019;18:50:27;root has accepted the Terms of Usage
29.05.2019;18:50:28;root logout
29.05.2019;18:50:35;successful login for root
29.05.2019;18:50:35;root has accepted the Terms of Usage
29.05.2019;18:52:13;successful login for root
29.05.2019;18:52:13;root has accepted the Terms of Usage
29.05.2019;19:26:44;unsuccessful login for damien number of error : 1
29.05.2019;19:28:17;unsuccessful login for damien number of error : 2
29.05.2019;19:44:08;successful login for damien
29.05.2019;19:44:08;damien has accepted the Terms of Usage
29.05.2019;19:44:28;successful login for damien
29.05.2019;19:44:28;damien has accepted the Terms of Usage
29.05.2019;19:44:35;damien logout
29.05.2019;19:44:46;unsuccessful login for damien number of error : 2
29.05.2019;19:44:52;successful login for damien
29.05.2019;19:44:52;damien has accepted the Terms of Usage
29.05.2019;19:47:22;damien logout
29.05.2019;19:51:14;successful login for damien
29.05.2019;19:51:14;damien has accepted the Terms of Usage
29.05.2019;19:51:26;unsuccessful login for damien number of error : 1
29.05.2019;19:51:36;unsuccessful login for damien number of error : 2
29.05.2019;19:51:45;unsuccessful login for damien number of error : 3
29.05.2019;19:51:59;unsuccessful login for damien number of error : 4
29.05.2019;19:52:10;successful login for damien
29.05.2019;19:52:10;damien has accepted the Terms of Usage
29.05.2019;19:52:22;damien logout
29.05.2019;19:56:55;successful login for damien
29.05.2019;19:59:24;damien has accepted the Terms of Usage
29.05.2019;19:59:32;unsuccessful login for damien number of error : 1
29.05.2019;19:59:59;unsuccessful login for damien number of error : 2
29.05.2019;20:00:08;unsuccessful login for damien number of error : 3
29.05.2019;20:00:15;successful login for damien
29.05.2019;20:00:15;damien has accepted the Terms of Usage
29.05.2019;20:00:30;unsuccessful login for damien number of error : 1
29.05.2019;20:00:35;unsuccessful login for damien number of error : 2
29.05.2019;20:00:40;unsuccessful login for damien number of error : 3
29.05.2019;20:00:45;successful login for damien
29.05.2019;20:00:45;damien has accepted the Terms of Usage
29.05.2019;20:02:41;unsuccessful login for damien number of error : 1
29.05.2019;20:02:45;unsuccessful login for damien number of error : 2
29.05.2019;20:02:49;unsuccessful login for damien number of error : 3
29.05.2019;20:11:46;successful login for damien
29.05.2019;20:11:46;damien has accepted the Terms of Usage
29.05.2019;20:12:06;damien logout
29.05.2019;20:12:19;unsuccessful login for damien number of error : 3
29.05.2019;20:16:52;successful login for damien
29.05.2019;20:16:52;damien has accepted the Terms of Usage
29.05.2019;20:17:10;unsuccessful login for damien number of error : 1
29.05.2019;20:17:15;unsuccessful login for damien number of error : 2
29.05.2019;20:17:20;successful login for damien
29.05.2019;20:17:20;damien has accepted the Terms of Usage
29.05.2019;20:17:21;damien logout
29.05.2019;20:17:26;unsuccessful login for damien number of error : 1
29.05.2019;20:17:30;successful login for damien
29.05.2019;20:17:30;damien has accepted the Terms of Usage
29.05.2019;20:17:41;damien logout
29.05.2019;20:17:52;successful login for root
29.05.2019;20:17:52;root has accepted the Terms of Usage
29.05.2019;20:17:58;root logout
29.05.2019;20:18:04;unsuccessful login for damien number of error : 1
29.05.2019;20:18:08;unsuccessful login for damien number of error : 2
29.05.2019;20:18:12;unsuccessful login for damien number of error : 3
29.05.2019;20:18:21;successful login for root
29.05.2019;20:18:21;root has accepted the Terms of Usage
29.05.2019;20:18:28;root has change the status of damien to 0
29.05.2019;20:18:31;root logout
29.05.2019;20:18:41;successful login for root
29.05.2019;20:18:41;root has accepted the Terms of Usage
29.05.2019;20:18:47;root has change the status of damien to 1
29.05.2019;20:18:52;root logout
29.05.2019;20:18:58;successful login for damien
29.05.2019;20:18:58;damien has accepted the Terms of Usage
29.05.2019;20:18:59;damien logout
29.05.2019;23:01:44;unsuccessful login for damien number of error : 1
29.05.2019;23:01:48;unsuccessful login for damien number of error : 2
29.05.2019;23:01:52;unsuccessful login for damien number of error : 3
29.05.2019;23:02:04;successful login for root
29.05.2019;23:02:04;root has accepted the Terms of Usage
29.05.2019;23:02:14;root has change the status of damien to 1
29.05.2019;23:02:18;root logout
30.05.2019;00:33:14;successful login for root
30.05.2019;00:33:14;root has accepted the Terms of Usage
30.05.2019;00:40:30;successful login for root
30.05.2019;00:40:30;root has accepted the Terms of Usage
30.05.2019;00:50:30;root timeout
30.05.2019;00:50:45;successful login for root
30.05.2019;00:50:45;root has accepted the Terms of Usage
30.05.2019;00:56:22;successful login for root
30.05.2019;00:56:22;root has accepted the Terms of Usage
30.05.2019;00:59:36;root timeout
30.05.2019;00:59:41;successful login for root
30.05.2019;00:59:41;root has accepted the Terms of Usage
30.05.2019;01:18:32;root timeout
30.05.2019;01:18:40;successful login for root
30.05.2019;01:18:40;root has accepted the Terms of Usage
30.05.2019;01:24:56;root has change the role of damien to 1
30.05.2019;01:25:03;root has change the role of damien to 3
30.05.2019;01:46:52;successful login for root
30.05.2019;01:46:52;root has accepted the Terms of Usage
30.05.2019;15:08:18;successful login for root
30.05.2019;15:08:18;root has accepted the Terms of Usage
30.05.2019;15:08:19;root logout
30.05.2019;15:09:04;successful login for root
30.05.2019;15:09:04;root has accepted the Terms of Usage
30.05.2019;15:09:08;root logout
30.05.2019;15:09:14;successful login for root
30.05.2019;15:09:14;root has accepted the Terms of Usage
30.05.2019;15:21:26;root timeout
30.05.2019;16:03:20;successful login for root
30.05.2019;16:03:20;root has accepted the Terms of Usage
30.05.2019;16:03:50;root logout
30.05.2019;16:04:16;successful login for modo1
30.05.2019;16:04:16;modo1 has accepted the Terms of Usage
30.05.2019;16:32:35;modo1 timeout
30.05.2019;16:32:49;successful login for modo1
30.05.2019;16:32:49;modo1 has accepted the Terms of Usage
30.05.2019;16:41:15;successful login for root
30.05.2019;16:41:15;root has accepted the Terms of Usage
30.05.2019;16:41:31;root logout
30.05.2019;16:41:37;successful login for modo1
30.05.2019;16:41:37;modo1 has accepted the Terms of Usage
30.05.2019;17:06:48;modo1 timeout
30.05.2019;17:07:08;successful login for modo1
30.05.2019;17:07:08;modo1 has accepted the Terms of Usage
30.05.2019;18:49:42;modo1 timeout
30.05.2019;18:49:56;successful login for modo1
30.05.2019;18:49:56;modo1 has accepted the Terms of Usage
30.05.2019;19:34:41;modo1 timeout
31.05.2019;00:15:46;successful login for modo1
31.05.2019;00:15:46;modo1 has accepted the Terms of Usage
31.05.2019;00:18:35;modo1 logout
31.05.2019;09:36:27;unsuccessful login for tintin number of error : 1
31.05.2019;09:36:38;successful login for tintin
31.05.2019;09:36:38;tintin has accepted the Terms of Usage
31.05.2019;09:36:40;tintin logout
31.05.2019;09:43:47; logout
31.05.2019;10:17:19; logout
31.05.2019;10:26:22; logout
31.05.2019;10:52:22;successful login for root
31.05.2019;11:29:41;root timeout
31.05.2019;11:29:47;successful login for root
31.05.2019;11:29:47;root has accepted the Terms of Usage
31.05.2019;11:35:25;root logout
31.05.2019;11:36:33;successful login for root
31.05.2019;11:36:33;root has accepted the Terms of Usage
31.05.2019;15:06:06;root timeout
31.05.2019;15:09:24;successful login for root
31.05.2019;15:09:24;root has accepted the Terms of Usage
31.05.2019;15:09:37;root has assigned the categorie 2 to modo3
31.05.2019;15:09:48;root logout
31.05.2019;15:09:54;successful login for modo2
31.05.2019;15:09:54;modo2 has accepted the Terms of Usage
31.05.2019;15:10:04;modo2 logout
31.05.2019;15:10:55;successful login for modo1
31.05.2019;15:10:55;modo1 has accepted the Terms of Usage
31.05.2019;15:11:13;successful login for modo3
31.05.2019;15:11:13;modo3 has accepted the Terms of Usage
31.05.2019;15:15:56;successful login for root
31.05.2019;15:15:56;root has accepted the Terms of Usage
31.05.2019;15:25:35;root has added the categorie T
31.05.2019;15:26:03;root has added the categorie Test
31.05.2019;15:26:21;root has added the categorie coucou
31.05.2019;15:26:35;root has added the categorie minou
31.05.2019;15:34:18;root has added the categorie minou
31.05.2019;15:34:21;root has deleted the categorie 
31.05.2019;15:35:11;root has added the categorie test
31.05.2019;15:35:21;root has deleted the categorie Array
31.05.2019;15:35:25;root has deleted the categorie Array
31.05.2019;15:35:28;root has deleted the categorie Array
31.05.2019;15:37:06;root has deleted the categorie Array
31.05.2019;15:37:10;root has deleted the categorie Array
31.05.2019;15:37:10;root has deleted the categorie Array
31.05.2019;15:37:10;root has deleted the categorie Array
31.05.2019;15:37:10;root has deleted the categorie Array
31.05.2019;15:37:10;root has deleted the categorie Array
31.05.2019;15:37:35;root has deleted the categorie A1
31.05.2019;15:37:35;root has deleted the categorie A1
31.05.2019;15:37:35;root has deleted the categorie A1
31.05.2019;15:37:43;root has deleted the categorie A1
31.05.2019;15:37:43;root has deleted the categorie A1
31.05.2019;15:37:44;root has deleted the categorie A1
31.05.2019;15:37:44;root has deleted the categorie A1
31.05.2019;15:38:05;root has deleted the categorie A1
31.05.2019;15:38:05;root has deleted the categorie A1
31.05.2019;15:38:05;root has deleted the categorie A1
31.05.2019;15:38:56;root has deleted the categorie A1
31.05.2019;15:39:04;root has deleted the categorie A6
31.05.2019;15:39:35;root has deleted the categorie A1
31.05.2019;15:39:42;root has deleted the categorie 2
31.05.2019;15:39:44;root has deleted the categorie minou
31.05.2019;15:39:46;root has deleted the categorie coucou
31.05.2019;15:39:49;root has deleted the categorie test
31.05.2019;15:39:55;root has added the categorie A1
31.05.2019;15:47:32;root has added the categorie A1
31.05.2019;15:47:49;root has added the categorie A1
31.05.2019;15:48:43;root has deleted the categorie A1
31.05.2019;15:48:52;root has deleted the categorie A6
31.05.2019;15:49:03;root has added the categorie A6
31.05.2019;15:49:09;root has added the categorie A1
31.05.2019;15:49:14;root has added the categorie A4
31.05.2019;15:49:17;root has deleted the categorie A4
31.05.2019;15:49:24;root has added the categorie A4
31.05.2019;15:55:29;root has added the categorie A4
31.05.2019;15:55:34;root has deleted the categorie A4
31.05.2019;15:55:40;root has added the categorie A4
31.05.2019;15:55:47;root has added the categorie A4
31.05.2019;15:55:53;root has deleted the categorie A4
31.05.2019;15:55:57;root has added the categorie A4
31.05.2019;15:57:30;root has added the categorie A1
31.05.2019;15:57:51;root has deleted the categorie A1
31.05.2019;15:57:53;root has added the categorie A1
31.05.2019;16:08:03;root has added the categorie 2
31.05.2019;16:08:07;root has deleted the categorie 2
31.05.2019;16:08:48;root has added the categorie 2
31.05.2019;16:08:50;root has deleted the categorie 2
31.05.2019;16:09:27;root has deleted the categorie 2
31.05.2019;16:09:36;root has added the categorie A0
31.05.2019;16:09:46;root has assigned the categorie A0 to modo3
31.05.2019;16:09:57;successful login for modo3
31.05.2019;16:09:57;modo3 has accepted the Terms of Usage
31.05.2019;16:10:07;modo3 logout
31.05.2019;16:10:11;successful login for root
31.05.2019;16:10:11;root has accepted the Terms of Usage
31.05.2019;16:10:25;root has deleted the categorie A0
31.05.2019;16:10:29;root logout
31.05.2019;16:10:36;successful login for modo3
31.05.2019;16:10:36;modo3 has accepted the Terms of Usage
31.05.2019;16:22:06; logout
31.05.2019;16:22:10;root has accepted the Terms of Usage
31.05.2019;16:22:19;root has deleted the categorie A6
31.05.2019;16:22:23;root has deleted the categorie A2
31.05.2019;16:22:25;root has deleted the categorie A3
31.05.2019;16:22:28;root has deleted the categorie A4
31.05.2019;16:22:31;root has deleted the categorie A1
31.05.2019;16:22:34;root has deleted the categorie A5
31.05.2019;16:22:37;root has added the categorie A1
31.05.2019;16:22:41;root has added the categorie A2
31.05.2019;16:22:43;root has added the categorie A3
31.05.2019;16:22:46;root has added the categorie A4
31.05.2019;16:22:49;root has added the categorie A5
31.05.2019;16:22:52;root has added the categorie A6
31.05.2019;16:23:03;root has assigned the categorie A1 to modo1
31.05.2019;16:23:06;root has assigned the categorie A2 to modo1
31.05.2019;16:23:11;root has assigned the categorie A3 to modo2
31.05.2019;16:23:23;root has assigned the categorie A4 to modo2
31.05.2019;16:23:29;root has assigned the categorie A5 to modo3
31.05.2019;16:23:33;root has assigned the categorie A6 to modo3
31.05.2019;16:27:33;root has deleted the categorie A1
31.05.2019;16:27:55;root has added the categorie A1
31.05.2019;16:29:06;root has deleted the categorie A3
31.05.2019;16:29:19;root has added the categorie A3
31.05.2019;19:07:40;successful login for root
31.05.2019;19:07:40;root has accepted the Terms of Usage
31.05.2019;19:10:34;root has change the role of root to 2
31.05.2019;19:10:57;root logout
31.05.2019;19:11:05;successful login for root
31.05.2019;19:11:05;root has accepted the Terms of Usage
31.05.2019;19:11:08;root logout
31.05.2019;19:13:48;successful login for root
31.05.2019;19:13:48;root has accepted the Terms of Usage
31.05.2019;19:15:25;root has added the categorie TEST
31.05.2019;19:16:52;root has deleted the categorie TEST
31.05.2019;19:24:41;root logout
31.05.2019;19:24:46;successful login for root
31.05.2019;19:24:46;root has accepted the Terms of Usage
31.05.2019;19:26:26;root has added the categorie A53
31.05.2019;19:38:14;root logout
31.05.2019;19:38:23;successful login for tintin
31.05.2019;19:38:23;tintin has accepted the Terms of Usage
31.05.2019;19:54:18;tintin logout
31.05.2019;19:54:26;successful login for modo1
31.05.2019;19:54:26;modo1 has accepted the Terms of Usage
31.05.2019;19:59:58;The user modo1 upload a new template !
31.05.2019;20:52:06;modo1 timeout
31.05.2019;20:52:35;successful login for toto
31.05.2019;20:52:35;toto has accepted the Terms of Usage
31.05.2019;20:54:22;toto has order the template CompanyReport 34 times
31.05.2019;20:55:58;toto has order the template CompanyReport 34 times
31.05.2019;20:56:10;toto has order the template CompanyReport 2 times
31.05.2019;20:56:56;toto has order the template Welcome 345 times
31.05.2019;20:57:27;toto has order the template Welcome 345 times
31.05.2019;20:57:39;toto has order the template Welcome 13 times
31.05.2019;20:58:06;toto has order the template Welcome 13 times
31.05.2019;20:58:18;toto logout
31.05.2019;20:58:29;successful login for root
31.05.2019;20:58:29;root has accepted the Terms of Usage
31.05.2019;20:58:36;root has added the categorie hh h
31.05.2019;20:58:54;root has deleted the categorie hh
31.05.2019;21:02:12;root has order the template Welcome 12 times
31.05.2019;21:06:07;root has order the template CompanyReport 23 times
31.05.2019;21:09:15;root has order the template CompanyReport 23 times
31.05.2019;21:09:26;root has order the template CompanyReport 3 times
31.05.2019;21:11:46;root has order the template CompanyReport 49 times
31.05.2019;21:12:27;root has order the template CompanyReport 20 times
31.05.2019;21:13:04;root has order the template Welcome 12 times
31.05.2019;21:15:41;root has order the template Welcome 24 times
31.05.2019;21:16:17;root has order the template Welcome 34 times
31.05.2019;21:20:18;root has order the template Welcome 23 times
31.05.2019;21:22:28;root has order the template Welcome 12 times
31.05.2019;21:22:36;root has order the template CompanyReport 2343 times
31.05.2019;21:23:21;root has order the template CompanyReport 2343 times
31.05.2019;21:23:25;root has order the template CompanyReport 2343 times
31.05.2019;21:23:39;root has order the template Welcome 23 times
31.05.2019;21:23:52;root has order the template CompanyReport 34 times
31.05.2019;21:24:15;root has order the template CompanyReport 34 times
31.05.2019;21:24:30;root has order the template Welcome 234 times
31.05.2019;21:26:18;root has added the categorie Welcome Party
31.05.2019;21:26:22;root has deleted the categorie hh
31.05.2019;21:26:29;root has deleted the categorie hh
31.05.2019;21:32:07;root has deleted the categorie hh
31.05.2019;21:32:12;root has deleted the categorie Welcome
31.05.2019;21:35:24;root has deleted the categorie Welcome
31.05.2019;21:35:29;root has deleted the categorie hh
31.05.2019;21:36:25;root has deleted the categorie hh
31.05.2019;21:36:31;root has added the categorie A1
31.05.2019;21:36:34;root has added the categorie A2
31.05.2019;21:36:38;root has added the categorie A3
31.05.2019;21:36:41;root has added the categorie A4
31.05.2019;21:36:44;root has added the categorie A5
31.05.2019;21:36:55;root has added the categorie A6
31.05.2019;21:37:00;root has deleted the categorie A
31.05.2019;21:37:04;root has deleted the categorie A6
31.05.2019;21:37:10;root has added the categorie A6
31.05.2019;21:38:22;root has added the categorie A
31.05.2019;21:38:35;root has added the categorie A
31.05.2019;21:38:41;root has added the categorie E
31.05.2019;21:44:51;root has deleted the categorie E
31.05.2019;21:44:54;root has deleted the categorie A
31.05.2019;21:45:01;root has added the categorie t
31.05.2019;21:45:10;root has deleted the categorie t
31.05.2019;21:45:27;root has deleted the categorie t
31.05.2019;21:45:34;root has added the categorie tototoot
31.05.2019;21:46:05;root has deleted the categorie Array
31.05.2019;21:47:04;root has deleted the categorie Array
31.05.2019;21:47:36;root has added the categorie kdsjksfjkgsdSDDFDSDGFS
31.05.2019;21:48:58;root has deleted the categorie Array
31.05.2019;21:49:18;root has added the categorie A6
31.05.2019;21:49:23;root has deleted the categorie Array
31.05.2019;21:50:27;root has deleted the categorie Array
31.05.2019;21:51:33;root has deleted the categorie Array
31.05.2019;21:51:51;root has deleted the categorie kdsjksfjkgsdSDDFDSDGFS
31.05.2019;21:51:57;root has deleted the categorie tototoot
31.05.2019;21:52:00;root has deleted the categorie A6
31.05.2019;21:52:28;root has added the categorie A1
31.05.2019;21:52:32;root has added the categorie A2
31.05.2019;21:52:35;root has added the categorie A3
31.05.2019;21:52:37;root has added the categorie A4
31.05.2019;21:52:39;root has added the categorie A5
31.05.2019;21:52:45;root has added the categorie A6
31.05.2019;22:15:28;modo2 logout
31.05.2019;22:15:32;successful login for root
31.05.2019;22:15:32;root has accepted the Terms of Usage
31.05.2019;22:16:56;root has order the template Array 23 times
31.05.2019;22:17:26;root has order the template Array 23 times
31.05.2019;22:18:49;root has order the template WelcomeParty 23 times
31.05.2019;22:20:25;root logout
31.05.2019;22:20:32;successful login for modo1
31.05.2019;22:20:32;modo1 has accepted the Terms of Usage
01.06.2019;12:40:59;root logout
01.06.2019;12:41:06;unsuccessful login for tintin number of error : 1
01.06.2019;12:41:24;successful login for tintin
01.06.2019;12:41:24;tintin has accepted the Terms of Usage
01.06.2019;12:52:24;successful login for tintin
01.06.2019;12:52:24;tintin has accepted the Terms of Usage
01.06.2019;12:55:48;tintin has order the template WelcomeParty 1000 times
01.06.2019;13:01:35;tintin has order the template WelcomeParty 1000 times
01.06.2019;13:03:16;tintin has order the template WelcomeParty 500 times
01.06.2019;13:04:19;tintin has order the template WelcomeParty 500 times
01.06.2019;13:05:30;tintin has order the template WelcomeParty 500 times
01.06.2019;13:05:54;tintin has order the template WelcomeParty 500 times
01.06.2019;13:06:42;tintin has order the template WelcomeParty 500 times
01.06.2019;13:07:36;tintin logout
01.06.2019;13:07:40;successful login for root
01.06.2019;13:07:40;root has accepted the Terms of Usage
01.06.2019;13:07:48;root has deleted the categorie A3
01.06.2019;13:07:53;root has added the categorie A3
01.06.2019;13:08:28;root has change the status of tintin to 0
01.06.2019;13:08:31;root logout
01.06.2019;13:08:36;unsuccessful login for tintin number of error : 1
01.06.2019;13:10:08;successful login for root
01.06.2019;13:10:08;root has accepted the Terms of Usage
01.06.2019;13:10:19;root has change the status of tintin to 1
01.06.2019;13:10:24;root has change the status of toto to 1
01.06.2019;13:10:29;root has change the status of tintin to 1
01.06.2019;13:10:33;root has change the status of root to 1
01.06.2019;14:01:27;successful login for root
01.06.2019;14:01:27;root has accepted the Terms of Usage
01.06.2019;14:19:09;root logout
01.06.2019;14:19:14;successful login for modo1
01.06.2019;14:19:14;modo1 has accepted the Terms of Usage
01.06.2019;14:35:36;modo1 has order the template TheWebsiteTemplate! 12 times
01.06.2019;14:53:54;modo1 logout
01.06.2019;14:54:00;successful login for damien
01.06.2019;14:54:00;damien has accepted the Terms of Usage
01.06.2019;14:54:38;damien has order the template CompanyReport 10 times
01.06.2019;14:54:41;damien logout
01.06.2019;14:54:46;successful login for modo1
01.06.2019;14:54:46;modo1 has accepted the Terms of Usage
01.06.2019;15:12:23;modo1 timeout
01.06.2019;15:12:34;successful login for modo1
01.06.2019;15:12:34;modo1 has accepted the Terms of Usage
01.06.2019;15:39:19;modo1 logout
01.06.2019;15:39:31;unsuccessful login for toto number of error : 1
01.06.2019;15:39:47;successful login for toto
01.06.2019;15:39:47;toto has accepted the Terms of Usage
01.06.2019;15:40:44;toto has order the template Thereisnotlimit 250 times
01.06.2019;15:54:58;toto timeout
01.06.2019;15:54:58;toto has order the template Thereisnotlimit 250 times
01.06.2019;15:55:42;successful login for modo2
01.06.2019;15:55:42;modo2 has accepted the Terms of Usage
01.06.2019;18:07:20;successful login for modo1
01.06.2019;18:07:20;modo1 has accepted the Terms of Usage
02.06.2019;02:54:44;successful login for root
02.06.2019;03:41:25;root has deleted the categorie A1
02.06.2019;03:41:32;root has added the categorie A1
02.06.2019;03:48:10;successful login for modo1
02.06.2019;03:48:12;modo1 logout
02.06.2019;03:48:20;successful login for modo1
02.06.2019;03:48:54;modo1 logout
02.06.2019;03:48:59;successful login for modo1
02.06.2019;03:49:01;modo1 logout
02.06.2019;03:53:21;successful login for root
02.06.2019;03:53:21;root has accepted the Terms of Usage
02.06.2019;03:53:22;root logout
02.06.2019;03:54:28;successful login for root
02.06.2019;03:54:28;root has accepted the Terms of Usage
02.06.2019;03:58:56;root logout
02.06.2019;03:59:04;successful login for modo1
02.06.2019;03:59:04;modo1 has accepted the Terms of Usage
02.06.2019;05:02:30;modo1 has order the template Thereisnotlimit 12 times
02.06.2019;05:03:10;modo1 has order the template Thereisnotlimit 12 times
02.06.2019;05:03:30;modo1 has order the template Thereisnotlimit 34 times
02.06.2019;05:04:00;modo1 has order the template Thereisnotlimit 34 times
02.06.2019;13:20:52; logout
02.06.2019;13:21:36;successful login for root
02.06.2019;13:21:36;root has accepted the Terms of Usage
02.06.2019;16:26:49;root logout
02.06.2019;16:26:56;successful login for modo1
02.06.2019;16:26:56;modo1 has accepted the Terms of Usage
02.06.2019;16:31:39;modo1 logout
02.06.2019;16:31:42;successful login for root
02.06.2019;16:31:42;root has accepted the Terms of Usage
02.06.2019;16:33:20;root has assigned the categorie A1 to modo1
02.06.2019;16:33:28;root logout
02.06.2019;16:33:33;successful login for modo1
02.06.2019;16:33:33;modo1 has accepted the Terms of Usage
02.06.2019;16:44:06;modo1 timeout
02.06.2019;16:45:52;successful login for modo1
02.06.2019;16:45:52;modo1 has accepted the Terms of Usage
02.06.2019;16:57:28;modo1 change the status of the Voucher A to activate
02.06.2019;16:58:22;modo1 change the status of the Voucher PROMO10 to activate
02.06.2019;16:58:30;modo1 change the status of the Voucher PROMO10 to activate
02.06.2019;16:59:09;modo1 change the status of the Voucher D to desactivate
02.06.2019;16:59:16;modo1 change the status of the Voucher D to desactivate
02.06.2019;16:59:34;modo1 change the status of the Voucher PROMO10 to desactivate
02.06.2019;16:59:34;modo1 change the status of the Voucher PROMO10 to desactivate
02.06.2019;16:59:35;modo1 change the status of the Voucher PROMO10 to desactivate
02.06.2019;17:00:57;modo1 change the status of the Voucher PROMO10 to desactivate
02.06.2019;17:01:01;modo1 change the status of the Voucher PROMO10 to activate
02.06.2019;17:01:06;modo1 change the status of the Voucher PROMO5 to activate
02.06.2019;17:01:10;modo1 change the status of the Voucher PROMO10 to desactivate
02.06.2019;17:01:12;modo1 change the status of the Voucher PROMO10 to desactivate
02.06.2019;17:01:14;modo1 change the status of the Voucher PROMO10 to desactivate
02.06.2019;17:01:14;modo1 change the status of the Voucher PROMO10 to desactivate
02.06.2019;17:01:16;modo1 change the status of the Voucher PROMO5 to desactivate
02.06.2019;17:01:34;modo1 change the status of the Voucher PROMO10 to activate
02.06.2019;17:01:41;modo1 change the status of the Voucher PROMO5 to activate
02.06.2019;17:01:43;modo1 change the status of the Voucher PROMO10 to desactivate
02.06.2019;17:01:45;modo1 change the status of the Voucher PROMO5 to desactivate
02.06.2019;17:02:17;modo1 change the status of the Voucher PROMO10 to activate
02.06.2019;17:02:20;modo1 change the status of the Voucher PROMO10 to desactivate
02.06.2019;17:18:17;modo1 timeout
02.06.2019;17:18:17;modo1 change the status of the Voucher PROMO10 to activate
02.06.2019;17:18:47;successful login for modo1
02.06.2019;17:18:47;modo1 has accepted the Terms of Usage
02.06.2019;17:19:13;modo1 change the points needed of the Voucher  to 10 and the expiration to 2019-07-01
02.06.2019;17:19:57;modo1 change the points needed of the Voucher  to 10 and the expiration to 2019-06-11
02.06.2019;17:20:41;modo1 change the points needed of the Voucher PROMO10 to 10 and the expiration to 2019-06-03
02.06.2019;17:21:49;modo1 change the status of the Voucher PROMO10 to desactivate
02.06.2019;17:26:18;modo1 change the status of the Voucher PROMO5 to desactivate
02.06.2019;17:26:20;modo1 change the status of the Voucher PROMO10 to desactivate
02.06.2019;17:50:26;modo1 timeout
02.06.2019;17:50:34;successful login for root
02.06.2019;17:50:34;root has accepted the Terms of Usage
02.06.2019;19:01:08;root timeout
02.06.2019;19:08:05;successful login for root
02.06.2019;19:08:05;root has accepted the Terms of Usage
02.06.2019;19:14:17;root has change the role of damien to 1
02.06.2019;19:14:17;root has change the role of damien to 1
02.06.2019;19:14:25;root has change the role of damien to 3
02.06.2019;19:14:25;root has change the role of damien to 3
02.06.2019;19:17:47;root has change the role of damien to 3
02.06.2019;19:18:01;root has change the role of damien to 1
02.06.2019;19:18:12;root has change the role of damien to 3
02.06.2019;19:18:33;root has change the role of damien to 3
02.06.2019;19:18:33;root has change the role of damien to 3
02.06.2019;19:19:44;root has change the role of damien to 3
02.06.2019;19:19:44;root has change the role of damien to 3
02.06.2019;19:20:16;root has change the role of damien to 1
02.06.2019;19:20:16;root has change the role of damien to 1
02.06.2019;19:20:24;root has change the role of damien to 3
02.06.2019;19:20:24;root has change the role of damien to 3
02.06.2019;19:20:44;root has change the role of damien to 3
02.06.2019;19:20:44;root has change the role of damien to 3
02.06.2019;19:21:21;root has change the role of damien to 3
02.06.2019;19:21:21;root has change the role of damien to 3
02.06.2019;19:22:12;root has change the role of damien to 3
02.06.2019;19:22:12;root has change the role of damien to 3
02.06.2019;19:29:25;root has change the role of damien to 1
02.06.2019;19:29:25;root has change the role of damien to 1
02.06.2019;19:49:53;root timeout
02.06.2019;19:50:05;successful login for modo1
02.06.2019;19:50:05;modo1 has accepted the Terms of Usage
02.06.2019;19:50:08;modo1 logout
02.06.2019;19:50:13;successful login for root
02.06.2019;19:50:13;root has accepted the Terms of Usage
03.06.2019;12:17:12;root logout
03.06.2019;12:19:49;successful login for root
03.06.2019;12:19:49;root has accepted the Terms of Usage
03.06.2019;12:22:52;root has change the role of damien to 1
03.06.2019;12:23:07;root has change the role of damien to 3
03.06.2019;12:23:51;root has change the role of damien to 1
03.06.2019;12:23:55;root has change the role of damien to 3
03.06.2019;13:11:57;root logout
03.06.2019;13:14:50;successful login for modo2
03.06.2019;13:14:50;modo2 has accepted the Terms of Usage
03.06.2019;13:15:14;modo2 logout
03.06.2019;14:24:23;successful login for damien
03.06.2019;14:24:23;damien has accepted the Terms of Usage
03.06.2019;20:27:50;successful login for damien
03.06.2019;20:27:50;damien has accepted the Terms of Usage
03.06.2019;21:05:43;damien logout
03.06.2019;21:05:51;successful login for root
03.06.2019;21:05:51;root has accepted the Terms of Usage
03.06.2019;21:06:06;root has change the role of damien to 1
03.06.2019;21:06:19;root has change the role of damien to 3
04.06.2019;19:29:02;successful login for damien
04.06.2019;19:29:02;damien has accepted the Terms of Usage
04.06.2019;19:29:15;damien logout
04.06.2019;19:29:22;successful login for root
04.06.2019;19:29:22;root has accepted the Terms of Usage
04.06.2019;19:31:45;root logout
04.06.2019;20:11:18; logout
05.06.2019;14:27:13;Password has been send to gounot.damien@gmail.com !
05.06.2019;14:27:13; logout
05.06.2019;14:30:39;Password has been send to gounot.damien@gmail.com !
05.06.2019;14:30:39; logout
05.06.2019;14:32:23;Password has been send to gounot.damien@gmail.com !
05.06.2019;14:32:23; logout
06.06.2019;19:05:40;successful login for damien
06.06.2019;19:05:40;damien has accepted the Terms of Usage
06.06.2019;20:02:28;damien timeout
06.06.2019;20:03:35;successful login for damien
06.06.2019;20:03:35;damien has accepted the Terms of Usage
06.06.2019;20:26:55;damien timeout
06.06.2019;20:31:03;successful login for damien
06.06.2019;20:31:03;damien has accepted the Terms of Usage
06.06.2019;20:59:22;damien logout
06.06.2019;20:59:26;successful login for root
06.06.2019;20:59:26;root has accepted the Terms of Usage
06.06.2019;21:00:00;root logout
06.06.2019;21:00:06;successful login for modo1
06.06.2019;21:00:06;modo1 has accepted the Terms of Usage
06.06.2019;21:00:30;modo1 change the points needed of the Voucher PROMO10 to 10 and the expiration to 2019-07-11
06.06.2019;21:18:03;modo1 timeout
06.06.2019;21:18:44;successful login for damien
06.06.2019;21:18:44;damien has accepted the Terms of Usage
06.06.2019;21:46:43;damien timeout
06.06.2019;21:46:49;successful login for damien
06.06.2019;21:46:49;damien has accepted the Terms of Usage
06.06.2019;22:03:53;damien timeout
06.06.2019;22:04:23;successful login for damien
06.06.2019;22:04:23;damien has accepted the Terms of Usage
06.06.2019;22:14:20;damien logout
06.06.2019;22:14:28;successful login for modo1
06.06.2019;22:14:28;modo1 has accepted the Terms of Usage
06.06.2019;22:15:19;modo1 change the status of the Voucher PROMO10 to desactivate
06.06.2019;22:15:23;modo1 change the status of the Voucher PROMO5 to activate
06.06.2019;22:15:26;modo1 change the status of the Voucher PROMO5 to activate
06.06.2019;22:15:30;modo1 change the status of the Voucher PROMO10 to activate
06.06.2019;22:15:37;modo1 logout
06.06.2019;22:20:10;successful login for modo1
06.06.2019;22:20:10;modo1 has accepted the Terms of Usage
06.06.2019;22:36:29;modo1 timeout
06.06.2019;22:37:05;successful login for root
06.06.2019;22:37:05;root has accepted the Terms of Usage
06.06.2019;22:39:31;root logout
06.06.2019;22:39:38;successful login for damien
06.06.2019;22:39:38;damien has accepted the Terms of Usage
06.06.2019;23:17:37;damien timeout
07.06.2019;11:26:41;successful login for damien
07.06.2019;11:26:41;damien has accepted the Terms of Usage
07.06.2019;19:15:39;successful login for damien
07.06.2019;19:15:39;damien has accepted the Terms of Usage
08.06.2019;14:54:01;The account with the email : xarigo@crypto-net.club has been activated !
08.06.2019;14:54:51;The account with the email : xarigo@crypto-net.club has been activated !
08.06.2019;15:07:11;The account with the email : xarigo@crypto-net.club has not been activated because 7h delay reached !
08.06.2019;15:07:59;The account with the email : xarigo@crypto-net.club has been activated !
08.06.2019;15:08:05;successful login for marko
08.06.2019;15:08:05;marko has accepted the Terms of Usage
08.06.2019;15:08:07;Marko logout
08.06.2019;15:09:58;successful login for root
08.06.2019;15:09:58;root has accepted the Terms of Usage
08.06.2019;15:18:45;Spodermon is a new user, welcomme !
08.06.2019;15:18:45;Spodermon logout
08.06.2019;15:19:34;spodermon is a new user, welcomme !
08.06.2019;15:19:35;spodermon logout
08.06.2019;15:22:15;successful login for root
08.06.2019;15:22:15;root has accepted the Terms of Usage
08.06.2019;15:22:17;root logout
08.06.2019;15:22:52;successful login for root
08.06.2019;15:22:52;root has accepted the Terms of Usage
08.06.2019;15:23:05;root logout
08.06.2019;16:13:05;successful login for root
08.06.2019;16:13:05;root has accepted the Terms of Usage
08.06.2019;16:21:59;root logout
08.06.2019;16:28:19;successful login for root
08.06.2019;16:28:19;root has accepted the Terms of Usage
08.06.2019;16:32:17;root logout
08.06.2019;16:32:28;successful login for root
08.06.2019;16:32:28;root has accepted the Terms of Usage
08.06.2019;16:37:58;Barbu is a new user, welcomme !
08.06.2019;16:37:58;Barbu logout
08.06.2019;16:38:21;root logout
08.06.2019;16:40:04;The account with the email : roadtobarbu@gmail.com has been activated !
08.06.2019;16:40:16;The account with the email : roadtobarbu@gmail.com has been activated !
08.06.2019;16:40:23;successful login for Barbu
08.06.2019;16:40:23;Barbu has accepted the Terms of Usage
08.06.2019;17:00:45;PouetPouet is a new user, welcomme !
08.06.2019;17:00:45;PouetPouet logout
08.06.2019;17:02:19;Popopopop is a new user, welcomme !
08.06.2019;17:02:19;Popopopop logout
08.06.2019;17:02:50;The account with the email : les_gounot@libertysurf.fr has been activated !
08.06.2019;17:02:59;successful login for Popopopop
08.06.2019;17:02:59;Popopopop has accepted the Terms of Usage
08.06.2019;17:06:45;Popopopop has order the template TopHeadlines 3 times
08.06.2019;18:05:29;successful login for root
08.06.2019;18:05:29;root has accepted the Terms of Usage
08.06.2019;23:20:33;successful login for root
08.06.2019;23:20:33;root has accepted the Terms of Usage
09.06.2019;09:08:19;The account with the email : les_gounot@libertysurf.fr has not been activated because 7h delay reached !
09.06.2019;10:10:14;superman is a new user, welcomme !
09.06.2019;10:10:14;superman logout
09.06.2019;10:10:58;The account with the email : yenuxe@top-mailer.net has been activated !
09.06.2019;10:24:36;successful login for root
09.06.2019;10:24:36;root has accepted the Terms of Usage
10.06.2019;12:16:22;successful login for modo1
10.06.2019;12:16:22;modo1 has accepted the Terms of Usage
10.06.2019;12:21:41;modo1 logout
10.06.2019;12:21:47;successful login for root
10.06.2019;12:21:47;root has accepted the Terms of Usage
10.06.2019;13:23:19;successful login for root
10.06.2019;13:23:19;root has accepted the Terms of Usage
10.06.2019;13:34:09;successful login for root
10.06.2019;13:34:09;root has accepted the Terms of Usage
10.06.2019;13:34:28;root logout
10.06.2019;17:54:31;successful login for damien
10.06.2019;17:54:31;damien has accepted the Terms of Usage
10.06.2019;17:58:44;damien logout
10.06.2019;17:58:49;successful login for modo1
10.06.2019;17:58:49;modo1 has accepted the Terms of Usage
10.06.2019;18:01:40;modo1 logout
10.06.2019;18:01:47;successful login for root
10.06.2019;18:01:47;root has accepted the Terms of Usage
10.06.2019;18:21:32;root logout
10.06.2019;18:32:08;successful login for damien
10.06.2019;18:32:08;damien has accepted the Terms of Usage
10.06.2019;18:44:19;damien timeout
10.06.2019;18:44:26;successful login for damien
10.06.2019;18:44:26;damien has accepted the Terms of Usage
10.06.2019;19:02:00;damien logout
10.06.2019;19:02:09;successful login for modo1
10.06.2019;19:02:09;modo1 has accepted the Terms of Usage
10.06.2019;19:12:48;modo1 logout
10.06.2019;19:13:01;successful login for root
10.06.2019;19:13:01;root has accepted the Terms of Usage
10.06.2019;19:48:37;successful login for root
10.06.2019;19:48:37;root has accepted the Terms of Usage
10.06.2019;20:05:03;successful login for damien
10.06.2019;20:05:03;damien has accepted the Terms of Usage
10.06.2019;20:17:19;successful login for damien
10.06.2019;20:17:19;damien has accepted the Terms of Usage
10.06.2019;20:41:35; logout
10.06.2019;20:42:34;successful login for root
10.06.2019;20:42:34;root has accepted the Terms of Usage
10.06.2019;20:56:37;root logout
10.06.2019;20:57:01;successful login for damien
10.06.2019;20:57:01;damien has accepted the Terms of Usage
10.06.2019;21:18:31;successful login for damien
10.06.2019;21:18:31;damien has accepted the Terms of Usage
10.06.2019;21:19:47;damien timeout
10.06.2019;21:20:25;successful login for damien
10.06.2019;21:20:25;damien has accepted the Terms of Usage
10.06.2019;21:21:58;damien timeout
10.06.2019;21:24:10;successful login for root
10.06.2019;21:24:10;root has accepted the Terms of Usage
10.06.2019;21:24:29;root timeout
10.06.2019;21:24:43;successful login for damien
10.06.2019;21:24:43;damien has accepted the Terms of Usage
10.06.2019;21:24:53;damien timeout
10.06.2019;21:25:12;successful login for damien
10.06.2019;21:25:12;damien has accepted the Terms of Usage
10.06.2019;21:31:31;successful login for root
10.06.2019;21:31:31;root has accepted the Terms of Usage
10.06.2019;21:32:26;racletteman is a new user, welcomme !
10.06.2019;21:32:26;racletteman logout
10.06.2019;21:33:18;The account with the email : vinc.monnerie@gmail.com has been activated !
10.06.2019;21:33:58;Password has been send to vinc.monnerie@gmail.com !
10.06.2019;21:33:58; logout
10.06.2019;21:34:34;successful login for racletteman
10.06.2019;21:34:34;racletteman has accepted the Terms of Usage
10.06.2019;21:34:43;root has change the status of racletteman to 0
10.06.2019;21:34:53;racletteman logout
10.06.2019;21:35:12;root has change the status of racletteman to 1
10.06.2019;21:35:26;root has change the role of racletteman to 2
10.06.2019;21:35:35;successful login for racletteman
10.06.2019;21:35:35;racletteman has accepted the Terms of Usage
10.06.2019;21:36:09;root has assigned the categorie A6 to racletteman
10.06.2019;21:44:49;The user racletteman upload a new template !
10.06.2019;21:45:08;root logout
10.06.2019;21:45:14;successful login for damien
10.06.2019;21:45:14;damien has accepted the Terms of Usage
10.06.2019;21:45:44;damien has order the template raclette_template 10 times
10.06.2019;21:46:20;racletteman has update the order #10
10.06.2019;21:47:30;damien logout
10.06.2019;21:47:37;successful login for root
10.06.2019;21:47:37;root has accepted the Terms of Usage
10.06.2019;21:47:48;root has assigned the categorie A2 to racletteman
10.06.2019;21:49:32;racletteman change the points needed of the Voucher PROMO10 to 50 and the expiration to 2019-09-15
10.06.2019;21:50:06;root has change the role of racletteman to 3
10.06.2019;22:05:00;The account with the email : vinc.monnerie@gmail.com has been activated !
10.06.2019;22:06:07;root timeout
10.06.2019;22:06:22;successful login for root
10.06.2019;22:06:22;root has accepted the Terms of Usage
10.06.2019;22:06:29;root has added the categorie A12
10.06.2019;22:06:37;root has deleted the categorie A12
10.06.2019;22:06:50;root has change the role of racletteman to 2
10.06.2019;22:10:21;root has unAssign the categorie A2 to racletteman
10.06.2019;22:10:35;root has unAssign the categorie A1 to modo1
10.06.2019;22:11:14;root has unAssign the categorie A6 to racletteman
10.06.2019;22:11:22;root has assigned the categorie A1 to racletteman
10.06.2019;22:11:29;root has unAssign the categorie A1 to racletteman
10.06.2019;22:12:05;root has assigned the categorie A6 to racletteman
10.06.2019;22:16:26;root logout
12.06.2019;12:31:14;successful login for Root
12.06.2019;12:31:14;Root has accepted the Terms of Usage
12.06.2019;19:57:46;successful login for root
12.06.2019;19:57:46;root has accepted the Terms of Usage
12.06.2019;20:01:08;root logout
13.06.2019;10:51:46;successful login for root
13.06.2019;10:51:46;root has accepted the Terms of Usage
13.06.2019;11:25:39;successful login for root
13.06.2019;11:25:39;root has accepted the Terms of Usage
13.06.2019;11:29:47;root has assigned the categorie A2 to root
13.06.2019;11:35:24;root change the status of the Voucher PROMO10 to desactivate
13.06.2019;11:35:27;root change the status of the Voucher PROMO10 to activate
13.06.2019;11:38:21;root change the status of the Voucher PROMO5 to desactivate
13.06.2019;11:38:26;root change the status of the Voucher PROMO5 to activate
13.06.2019;11:41:47;root logout
13.06.2019;11:41:55;unsuccessful login for damien number of error : 1
13.06.2019;11:42:01;unsuccessful login for damien number of error : 2
13.06.2019;11:42:07;unsuccessful login for damien number of error : 3
13.06.2019;11:42:14;unsuccessful login for damien number of error : 4
13.06.2019;11:43:32;damien has been blocked
13.06.2019;11:44:06;damien has been blocked
13.06.2019;11:44:13;damien has been blocked
13.06.2019;11:44:22;successful login for root
13.06.2019;11:44:22;root has accepted the Terms of Usage
13.06.2019;11:44:48;root has change the status of damien to 1
13.06.2019;11:44:51;root logout
13.06.2019;11:44:58;successful login for damien
13.06.2019;11:44:58;damien has accepted the Terms of Usage
13.06.2019;11:45:45;damien logout
13.06.2019;11:45:51;successful login for root
13.06.2019;11:45:51;root has accepted the Terms of Usage
13.06.2019;11:49:03;root change the status of the Voucher PROMO100 to desactivate
13.06.2019;11:49:24;root change the status of the Voucher PROMO100 to activate
13.06.2019;11:49:41;root logout
13.06.2019;11:50:15;Dorinne is a new user, welcomme !
13.06.2019;11:50:15;Dorinne logout
13.06.2019;11:51:17;successful login for root
13.06.2019;11:51:17;root has accepted the Terms of Usage
13.06.2019;11:54:02;root logout
13.06.2019;11:54:39;dorianthebest is a new user, welcomme !
13.06.2019;11:54:39;dorianthebest logout
13.06.2019;11:56:59;The account with the email : yodawaj@rockmailapp.com has not been activated because 7h delay reached !
13.06.2019;11:58:18;The account with the email : yodawaj@rockmailapp.com has been activated !
13.06.2019;11:58:45;successful login for dorianthebest
13.06.2019;11:58:45;dorianthebest has accepted the Terms of Usage
13.06.2019;11:59:24;dorianthebest logout
13.06.2019;11:59:29;successful login for damien
13.06.2019;11:59:29;damien has accepted the Terms of Usage
13.06.2019;11:59:47;damien logout
13.06.2019;11:59:52;successful login for modo1
13.06.2019;11:59:52;modo1 has accepted the Terms of Usage
13.06.2019;12:00:56;modo1 logout
13.06.2019;16:34:47;successful login for damien
13.06.2019;16:34:47;damien has accepted the Terms of Usage
13.06.2019;20:48:04;successful login for root
13.06.2019;20:48:04;root has accepted the Terms of Usage
13.06.2019;20:48:28;root logout
13.06.2019;23:09:35;successful login for root
13.06.2019;23:09:35;root has accepted the Terms of Usage
13.06.2019;23:20:02;successful login for root
13.06.2019;23:20:02;root has accepted the Terms of Usage
13.06.2019;23:22:07;root logout
13.06.2019;23:41:13;Timothé is a new user, welcomme !
13.06.2019;23:41:13;Timothé logout
13.06.2019;23:42:08;The account with the email : botege@daymailonline.com has been activated !
13.06.2019;23:42:39;successful login for Timothé
13.06.2019;23:42:39;Timothé has accepted the Terms of Usage
13.06.2019;23:42:41;Timothé logout
13.06.2019;23:42:58;Password has been send to botege@daymailonline.com !
13.06.2019;23:42:58; logout
13.06.2019;23:43:16;successful login for Timothé
13.06.2019;23:43:16;Timothé has accepted the Terms of Usage
13.06.2019;23:45:10;Timothé has order the template WelcomeParty 10 times
13.06.2019;23:45:38;Timothé logout
13.06.2019;23:46:08;successful login for modo1
13.06.2019;23:46:08;modo1 has accepted the Terms of Usage
13.06.2019;23:46:25;modo1 change the status of the Voucher PROMO10 to desactivate
13.06.2019;23:46:26;modo1 change the status of the Voucher PROMO10 to activate
13.06.2019;23:46:57;modo1 logout
13.06.2019;23:47:08;successful login for Timothé
13.06.2019;23:47:08;Timothé has accepted the Terms of Usage
13.06.2019;23:47:37;Timothé has order the template WelcomeParty 10 times
13.06.2019;23:47:47;Timothé logout
13.06.2019;23:47:52;successful login for modo1
13.06.2019;23:47:52;modo1 has accepted the Terms of Usage
13.06.2019;23:48:21;modo1 has update the order #11
13.06.2019;23:48:52;modo1 logout
13.06.2019;23:48:56;successful login for root
13.06.2019;23:48:56;root has accepted the Terms of Usage
13.06.2019;23:50:31;root logout
14.06.2019;13:24:52;successful login for root
14.06.2019;13:24:52;root has accepted the Terms of Usage
14.06.2019;13:26:45;root logout
14.06.2019;14:31:03;successful login for root
14.06.2019;14:31:03;root has accepted the Terms of Usage
14.06.2019;14:37:56;makok is a new user, welcomme !
14.06.2019;14:37:56;makok logout
14.06.2019;14:38:50;The account with the email : yohi@hostguru.top has been activated !
14.06.2019;14:39:25;unsuccessful login for makok number of error : 1
14.06.2019;14:39:31;successful login for root
14.06.2019;14:39:31;root has accepted the Terms of Usage
14.06.2019;14:39:33;root logout
14.06.2019;14:40:20;marko2 is a new user, welcomme !
14.06.2019;14:40:20;marko2 logout
14.06.2019;14:40:41;The account with the email : cayasofit@marketlink.info has been activated !
14.06.2019;14:40:53;successful login for marko2
14.06.2019;14:40:53;marko2 has accepted the Terms of Usage
14.06.2019;14:41:06;marko2 logout
14.06.2019;14:41:31;unsuccessful login for marko2 number of error : 1
14.06.2019;14:41:44;unsuccessful login for marko2 number of error : 2
14.06.2019;14:41:52;unsuccessful login for marko2 number of error : 3
14.06.2019;14:41:58;unsuccessful login for marko2 number of error : 4
14.06.2019;14:42:06;marko2 has been blocked
14.06.2019;14:42:44;successful login for root
14.06.2019;14:42:44;root has accepted the Terms of Usage
14.06.2019;14:42:58;root has change the status of marko2 to 1
14.06.2019;14:43:13;successful login for marko2
14.06.2019;14:43:13;marko2 has accepted the Terms of Usage
14.06.2019;14:43:21;marko2 logout
14.06.2019;14:43:34;Password has been send to cayasofit@marketlink.info !
14.06.2019;14:43:34; logout
14.06.2019;14:43:57;successful login for marko2
14.06.2019;14:43:57;marko2 has accepted the Terms of Usage
14.06.2019;14:45:21;root has added the categorie B4
14.06.2019;14:45:31;root has assigned the categorie B4 to modo1
14.06.2019;14:46:11;root has created a voucher WebDiP in the categorie B4
14.06.2019;14:48:52;marko2 logout
14.06.2019;14:49:04;successful login for modo1
14.06.2019;14:49:04;modo1 has accepted the Terms of Usage
14.06.2019;14:50:11;The user modo1 upload a new template !
14.06.2019;14:50:36;root logout
14.06.2019;14:50:44;successful login for marko2
14.06.2019;14:50:44;marko2 has accepted the Terms of Usage
14.06.2019;14:51:32;marko2 has order the template CreditCardTemplate 35 times
14.06.2019;14:51:51;marko2 logout
14.06.2019;14:51:59;successful login for modo1
14.06.2019;14:51:59;modo1 has accepted the Terms of Usage
14.06.2019;14:52:18;modo1 has update the order #12
14.06.2019;14:53:11;modo1 change the status of the Voucher WebDiP to activate
14.06.2019;14:53:26;modo1 change the points needed of the Voucher WebDiP to 2 and the expiration to 2019-06-15
14.06.2019;14:53:42;modo1 logout
14.06.2019;14:53:51;successful login for marko2
14.06.2019;14:53:51;marko2 has accepted the Terms of Usage
14.06.2019;14:56:43;modo1 logout
14.06.2019;14:57:10;marko2 logout
14.06.2019;14:57:29;successful login for root
14.06.2019;14:57:29;root has accepted the Terms of Usage
14.06.2019;15:07:01;root logout
14.06.2019;15:07:11;successful login for marko2
14.06.2019;15:07:11;marko2 has accepted the Terms of Usage
14.06.2019;15:10:04;marko2 logout
